{"im0.png": {"sign": "stop-1"}, "im1.png": {"sign": "traffic-light-1"}, "im2.png": {"sign": "left-T-intersection-1"}, "im3.png": {"sign": "traffic-light-1"}, "im4.png": {"sign": "left-T-intersection-1"}, "im5.png": {"sign": "no-left-turn-1"}, "im6.png": {"sign": "left-T-intersection-1"}, "im7.png": {"sign": "traffic-light-1"}, "im8.png": {"sign": "stop-1"}, "im9.png": {"sign": "left-T-intersection-1"}, "im10.png": {"sign": "left-T-intersection-1"}, "im11.png": {"sign": "left-T-intersection-1"}, "im12.png": {"sign": "no-left-turn-1"}, "im13.png": {"sign": "stop-1"}, "im14.png": {"sign": "traffic-light-1"}, "im15.png": {"sign": "left-T-intersection-1"}, "im16.png": {"sign": "left-T-intersection-1"}, "im17.png": {"sign": "left-T-intersection-1"}, "im18.png": {"sign": "left-T-intersection-1"}, "im19.png": {"sign": "stop-1"}, "im20.png": {"sign": "stop-1"}, "im21.png": {"sign": "stop-1"}, "im22.png": {"sign": "left-T-intersection-1"}, "im23.png": {"sign": "stop-1"}, "im24.png": {"sign": "left-T-intersection-1"}, "im25.png": {"sign": "right-T-intersection-1"}, "im26.png": {"sign": "stop-1"}, "im27.png": {"sign": "left-T-intersection-1"}, "im28.png": {"sign": "left-T-intersection-1"}, "im29.png": {"sign": "stop-1"}, "im30.png": {"sign": "stop-1"}, "im31.png": {"sign": "T-intersection-1"}, "im32.png": {"sign": "T-intersection-1"}, "im33.png": {"sign": "T-intersection-1"}, "im34.png": {"sign": "T-intersection-1"}, "im35.png": {"sign": "T-intersection-1"}, "im36.png": {"sign": "T-intersection-1"}, "im37.png": {"sign": "T-intersection-1"}, "im38.png": {"sign": "T-intersection-1"}, "im39.png": {"sign": "T-intersection-1"}, "im40.png": {"sign": "T-intersection-1"}, "im41.png": {"sign": "traffic-light-1"}, "im42.png": {"sign": "traffic-light-1"}, "im43.png": {"sign": "T-intersection-1"}, "im44.png": {"sign": "T-intersection-1"}, "im45.png": {"sign": "T-intersection-1"}, "im46.png": {"sign": "T-intersection-1"}, "im47.png": {"sign": "T-intersection-1"}, "im48.png": {"sign": "T-intersection-1"}, "im49.png": {"sign": "traffic-light-1"}, "im50.png": {"sign": "traffic-light-1"}, "im51.png": {"sign": "traffic-light-1"}, "im52.png": {"sign": "traffic-light-1"}, "im53.png": {"sign": "right-T-intersection-1"}, "im54.png": {"sign": "T-intersection-1"}, "im55.png": {"sign": "left-T-intersection-1"}, "im56.png": {"sign": "left-T-intersection-1"}, "im57.png": {"sign": "left-T-intersection-1"}, "im58.png": {"sign": "stop-1"}, "im59.png": {"sign": "stop-1"}, "im60.png": {"sign": "stop-1"}, "im61.png": {"sign": "stop-1"}, "im62.png": {"sign": "stop-1"}, "im63.png": {"sign": "stop-1"}, "im64.png": {"sign": "stop-1"}, "im65.png": {"sign": "right-T-intersection-1"}, "im66.png": {"sign": "right-T-intersection-1"}, "im67.png": {"sign": "right-T-intersection-1"}, "im68.png": {"sign": "T-intersection-1"}, "im69.png": {"sign": "T-intersection-1"}, "im70.png": {"sign": "T-intersection-1"}, "im71.png": {"sign": "left-T-intersection-1"}, "im72.png": {"sign": "left-T-intersection-1"}, "im73.png": {"sign": "left-T-intersection-1"}, "im74.png": {"sign": "left-T-intersection-1"}, "im75.png": {"sign": "left-T-intersection-1"}, "im76.png": {"sign": "left-T-intersection-1"}, "im77.png": {"sign": "stop-1"}, "im78.png": {"sign": "stop-1"}, "im79.png": {"sign": "stop-1"}, "im80.png": {"sign": "stop-1"}, "im81.png": {"sign": "stop-1"}, "im82.png": {"sign": "T-intersection-1"}, "im83.png": {"sign": "T-intersection-1"}, "im84.png": {"sign": "left-T-intersection-1"}, "im85.png": {"sign": "left-T-intersection-1"}, "im86.png": {"sign": "left-T-intersection-1"}, "im87.png": {"sign": "stop-1"}, "im88.png": {"sign": "stop-1"}, "im89.png": {"sign": "stop-1"}, "im90.png": {"sign": "stop-1"}, "im91.png": {"sign": "stop-1"}, "im92.png": {"sign": "stop-1"}, "im93.png": {"sign": "stop-1"}, "im94.png": {"sign": "stop-1"}, "im95.png": {"sign": "stop-1"}, "im96.png": {"sign": "T-intersection-1"}, "im97.png": {"sign": "left-T-intersection-1"}, "im98.png": {"sign": "left-T-intersection-1"}, "im99.png": {"sign": "right-T-intersection-1"}, "im100.png": {"sign": "right-T-intersection-1"}, "im101.png": {"sign": "T-intersection-1"}, "im102.png": {"sign": "T-intersection-1"}, "im103.png": {"sign": "left-T-intersection-1"}, "im104.png": {"sign": "left-T-intersection-1"}, "im105.png": {"sign": "left-T-intersection-1"}, "im106.png": {"sign": "stop-1"}, "im107.png": {"sign": "stop-1"}, "im108.png": {"sign": "stop-1"}, "im109.png": {"sign": "stop-1"}, "im110.png": {"sign": "stop-1"}, "im111.png": {"sign": "stop-1"}, "im112.png": {"sign": "right-T-intersection-1"}, "im113.png": {"sign": "right-T-intersection-1"}, "im114.png": {"sign": "T-intersection-1"}, "im115.png": {"sign": "T-intersection-1"}, "im116.png": {"sign": "left-T-intersection-1"}, "im117.png": {"sign": "left-T-intersection-1"}, "im118.png": {"sign": "left-T-intersection-1"}, "im119.png": {"sign": "left-T-intersection-1"}, "im120.png": {"sign": "stop-1"}, "im121.png": {"sign": "right-T-intersection-1"}, "im122.png": {"sign": "right-T-intersection-1"}, "im123.png": {"sign": "T-intersection-1"}, "im124.png": {"sign": "stop-1"}, "im125.png": {"sign": "stop-1"}, "im126.png": {"sign": "left-T-intersection-1"}, "im127.png": {"sign": "stop-1"}, "im128.png": {"sign": "stop-1"}, "im129.png": {"sign": "stop-1"}, "im130.png": {"sign": "stop-1"}, "im131.png": {"sign": "stop-1"}, "im132.png": {"sign": "stop-1"}, "im133.png": {"sign": "stop-1"}, "im134.png": {"sign": "stop-1"}, "im135.png": {"sign": "stop-1"}, "im136.png": {"sign": "right-T-intersection-1"}, "im137.png": {"sign": "right-T-intersection-1"}, "im138.png": {"sign": "T-intersection-1"}, "im139.png": {"sign": "T-intersection-1"}, "im140.png": {"sign": "T-intersection-1"}, "im141.png": {"sign": "T-intersection-1"}, "im142.png": {"sign": "left-T-intersection-1"}, "im143.png": {"sign": "left-T-intersection-1"}, "im144.png": {"sign": "stop-1"}, "im145.png": {"sign": "left-T-intersection-1"}, "im146.png": {"sign": "left-T-intersection-1"}, "im147.png": {"sign": "stop-1"}, "im148.png": {"sign": "stop-1"}, "im149.png": {"sign": "stop-1"}, "im150.png": {"sign": "stop-1"}, "im151.png": {"sign": "stop-1"}, "im152.png": {"sign": "stop-1"}, "im153.png": {"sign": "stop-1"}, "im154.png": {"sign": "stop-1"}, "im155.png": {"sign": "stop-1"}, "im156.png": {"sign": "stop-1"}, "im157.png": {"sign": "stop-1"}, "im158.png": {"sign": "stop-1"}, "im159.png": {"sign": "right-T-intersection-1"}, "im160.png": {"sign": "right-T-intersection-1"}, "im161.png": {"sign": "right-T-intersection-1"}, "im162.png": {"sign": "T-intersection-1"}, "im163.png": {"sign": "T-intersection-1"}, "im164.png": {"sign": "T-intersection-1"}, "im165.png": {"sign": "T-intersection-1"}, "im166.png": {"sign": "left-T-intersection-1"}, "im167.png": {"sign": "T-intersection-1"}, "im168.png": {"sign": "right-T-intersection-1"}, "im169.png": {"sign": "right-T-intersection-1"}, "im170.png": {"sign": "stop-1"}, "im171.png": {"sign": "T-intersection-1"}, "im172.png": {"sign": "T-intersection-1"}, "im173.png": {"sign": "right-T-intersection-1"}, "im174.png": {"sign": "right-T-intersection-1"}, "im175.png": {"sign": "right-T-intersection-1"}, "im176.png": {"sign": "right-T-intersection-1"}, "im177.png": {"sign": "T-intersection-1"}, "im178.png": {"sign": "T-intersection-1"}, "im179.png": {"sign": "T-intersection-1"}, "im180.png": {"sign": "left-T-intersection-1"}, "im181.png": {"sign": "stop-1"}, "im182.png": {"sign": "stop-1"}, "im183.png": {"sign": "stop-1"}, "im184.png": {"sign": "stop-1"}, "im185.png": {"sign": "stop-1"}, "im186.png": {"sign": "left-T-intersection-1"}, "im187.png": {"sign": "stop-1"}, "im188.png": {"sign": "stop-1"}, "im189.png": {"sign": "left-T-intersection-1"}, "im190.png": {"sign": "stop-1"}, "im191.png": {"sign": "left-T-intersection-1"}, "im192.png": {"sign": "left-T-intersection-1"}, "im193.png": {"sign": "left-T-intersection-1"}, "im194.png": {"sign": "left-T-intersection-1"}, "im195.png": {"sign": "left-T-intersection-1"}, "im196.png": {"sign": "left-T-intersection-1"}, "im197.png": {"sign": "stop-1"}, "im198.png": {"sign": "stop-1"}, "im199.png": {"sign": "stop-1"}, "im200.png": {"sign": "left-T-intersection-1"}, "im201.png": {"sign": "T-intersection-1"}, "im202.png": {"sign": "stop-1"}, "im203.png": {"sign": "T-intersection-1"}, "im204.png": {"sign": "T-intersection-1"}, "im205.png": {"sign": "stop-1"}, "im206.png": {"sign": "T-intersection-1"}, "im207.png": {"sign": "stop-1"}, "im208.png": {"sign": "stop-1"}, "im209.png": {"sign": "stop-1"}, "im210.png": {"sign": "stop-1"}, "im211.png": {"sign": "stop-1"}, "im212.png": {"sign": "stop-1"}, "im213.png": {"sign": "stop-1"}, "im214.png": {"sign": "left-T-intersection-1"}, "im215.png": {"sign": "left-T-intersection-1"}, "im216.png": {"sign": "left-T-intersection-1"}, "im217.png": {"sign": "left-T-intersection-1"}, "im218.png": {"sign": "right-T-intersection-1"}, "im219.png": {"sign": "right-T-intersection-1"}, "im220.png": {"sign": "right-T-intersection-1"}, "im221.png": {"sign": "left-T-intersection-1"}, "im222.png": {"sign": "left-T-intersection-1"}, "im223.png": {"sign": "left-T-intersection-1"}, "im224.png": {"sign": "left-T-intersection-1"}, "im225.png": {"sign": "T-intersection-1"}, "im226.png": {"sign": "left-T-intersection-1"}, "im227.png": {"sign": "no-left-turn-1"}, "im228.png": {"sign": "no-left-turn-1"}, "im229.png": {"sign": "no-left-turn-1"}, "im230.png": {"sign": "no-left-turn-1"}, "im231.png": {"sign": "stop-1"}, "im232.png": {"sign": "no-left-turn-1"}, "im233.png": {"sign": "stop-1"}, "im234.png": {"sign": "no-left-turn-1"}, "im235.png": {"sign": "no-left-turn-1"}, "im236.png": {"sign": "stop-1"}, "im237.png": {"sign": "no-left-turn-1"}, "im238.png": {"sign": "stop-1"}, "im239.png": {"sign": "no-left-turn-1"}, "im240.png": {"sign": "no-left-turn-1"}, "im241.png": {"sign": "T-intersection-1"}, "im242.png": {"sign": "T-intersection-1"}, "im243.png": {"sign": "left-T-intersection-1"}, "im244.png": {"sign": "stop-1"}, "im245.png": {"sign": "stop-1"}, "im246.png": {"sign": "stop-1"}, "im247.png": {"sign": "stop-1"}, "im248.png": {"sign": "stop-1"}, "im249.png": {"sign": "stop-1"}, "im250.png": {"sign": "no-left-turn-1"}, "im251.png": {"sign": "stop-1"}, "im252.png": {"sign": "no-left-turn-1"}, "im253.png": {"sign": "no-left-turn-1"}, "im254.png": {"sign": "stop-1"}, "im255.png": {"sign": "no-left-turn-1"}, "im256.png": {"sign": "stop-1"}, "im257.png": {"sign": "no-left-turn-1"}, "im258.png": {"sign": "no-left-turn-1"}, "im259.png": {"sign": "no-left-turn-1"}, "im260.png": {"sign": "no-left-turn-1"}, "im261.png": {"sign": "stop-1"}, "im262.png": {"sign": "no-left-turn-1"}, "im263.png": {"sign": "no-left-turn-1"}, "im264.png": {"sign": "right-T-intersection-1"}, "im265.png": {"sign": "right-T-intersection-1"}, "im266.png": {"sign": "right-T-intersection-1"}, "im267.png": {"sign": "stop-1"}, "im268.png": {"sign": "right-T-intersection-1"}, "im269.png": {"sign": "T-intersection-1"}, "im270.png": {"sign": "T-intersection-1"}, "im271.png": {"sign": "left-T-intersection-1"}, "im272.png": {"sign": "left-T-intersection-1"}, "im273.png": {"sign": "stop-1"}, "im274.png": {"sign": "traffic-light-1"}, "im275.png": {"sign": "traffic-light-1"}, "im276.png": {"sign": "traffic-light-1"}, "im277.png": {"sign": "traffic-light-1"}, "im278.png": {"sign": "traffic-light-1"}, "im279.png": {"sign": "T-intersection-1"}, "im280.png": {"sign": "T-intersection-1"}, "im281.png": {"sign": "T-intersection-1"}, "im282.png": {"sign": "stop-1"}, "im283.png": {"sign": "T-intersection-1"}, "im284.png": {"sign": "stop-1"}, "im285.png": {"sign": "T-intersection-1"}, "im286.png": {"sign": "stop-1"}, "im287.png": {"sign": "T-intersection-1"}, "im288.png": {"sign": "left-T-intersection-1"}, "im289.png": {"sign": "T-intersection-1"}, "im290.png": {"sign": "left-T-intersection-1"}, "im291.png": {"sign": "traffic-light-1"}, "im292.png": {"sign": "T-intersection-1"}, "im293.png": {"sign": "left-T-intersection-1"}, "im294.png": {"sign": "T-intersection-1"}, "im295.png": {"sign": "stop-1"}, "im296.png": {"sign": "stop-1"}, "im297.png": {"sign": "T-intersection-1"}, "im298.png": {"sign": "left-T-intersection-1"}, "im299.png": {"sign": "right-T-intersection-1"}, "im300.png": {"sign": "right-T-intersection-1"}, "im301.png": {"sign": "right-T-intersection-1"}, "im302.png": {"sign": "stop-1"}, "im303.png": {"sign": "no-left-turn-1"}, "im304.png": {"sign": "no-left-turn-1"}, "im305.png": {"sign": "no-left-turn-1"}, "im306.png": {"sign": "stop-1"}, "im307.png": {"sign": "no-left-turn-1"}, "im308.png": {"sign": "stop-1"}, "im309.png": {"sign": "no-left-turn-1"}, "im310.png": {"sign": "stop-1"}, "im311.png": {"sign": "stop-1"}, "im312.png": {"sign": "stop-1"}, "im313.png": {"sign": "T-intersection-1"}, "im314.png": {"sign": "right-T-intersection-1"}, "im315.png": {"sign": "traffic-light-1"}, "im316.png": {"sign": "right-T-intersection-1"}, "im317.png": {"sign": "right-T-intersection-1"}, "im318.png": {"sign": "no-left-turn-1"}, "im319.png": {"sign": "no-left-turn-1"}, "im320.png": {"sign": "stop-1"}, "im321.png": {"sign": "stop-1"}, "im322.png": {"sign": "no-left-turn-1"}, "im323.png": {"sign": "T-intersection-1"}, "im324.png": {"sign": "right-T-intersection-1"}, "im325.png": {"sign": "stop-1"}, "im326.png": {"sign": "T-intersection-1"}, "im327.png": {"sign": "no-left-turn-1"}, "im328.png": {"sign": "T-intersection-1"}, "im329.png": {"sign": "right-T-intersection-1"}, "im330.png": {"sign": "right-T-intersection-1"}, "im331.png": {"sign": "traffic-light-1"}, "im332.png": {"sign": "traffic-light-1"}, "im333.png": {"sign": "T-intersection-1"}, "im334.png": {"sign": "left-T-intersection-1"}, "im335.png": {"sign": "no-left-turn-1"}, "im336.png": {"sign": "stop-1"}, "im337.png": {"sign": "traffic-light-1"}, "im338.png": {"sign": "T-intersection-1"}, "im339.png": {"sign": "no-left-turn-1"}, "im340.png": {"sign": "stop-1"}, "im341.png": {"sign": "left-T-intersection-1"}, "im342.png": {"sign": "right-T-intersection-1"}, "im343.png": {"sign": "no-left-turn-1"}, "im344.png": {"sign": "right-T-intersection-1"}, "im345.png": {"sign": "T-intersection-1"}, "im346.png": {"sign": "T-intersection-1"}, "im347.png": {"sign": "stop-1"}, "im348.png": {"sign": "T-intersection-1"}, "im349.png": {"sign": "no-left-turn-1"}, "im350.png": {"sign": "traffic-light-1"}, "im351.png": {"sign": "T-intersection-1"}, "im352.png": {"sign": "stop-1"}, "im353.png": {"sign": "right-T-intersection-1"}, "im354.png": {"sign": "left-T-intersection-1"}, "im355.png": {"sign": "T-intersection-1"}, "im356.png": {"sign": "no-left-turn-1"}, "im357.png": {"sign": "no-left-turn-1"}, "im358.png": {"sign": "traffic-light-1"}, "im359.png": {"sign": "stop-1"}, "im360.png": {"sign": "traffic-light-1"}, "im361.png": {"sign": "traffic-light-1"}, "im362.png": {"sign": "stop-1"}, "im363.png": {"sign": "T-intersection-1"}, "im364.png": {"sign": "stop-1"}, "im365.png": {"sign": "traffic-light-1"}, "im366.png": {"sign": "traffic-light-1"}, "im367.png": {"sign": "traffic-light-1"}, "im368.png": {"sign": "no-left-turn-1"}, "im369.png": {"sign": "T-intersection-1"}, "im370.png": {"sign": "stop-1"}, "im371.png": {"sign": "stop-1"}, "im372.png": {"sign": "right-T-intersection-1"}, "im373.png": {"sign": "left-T-intersection-1"}, "im374.png": {"sign": "T-intersection-1"}, "im375.png": {"sign": "no-left-turn-1"}, "im376.png": {"sign": "no-left-turn-1"}, "im377.png": {"sign": "traffic-light-1"}, "im378.png": {"sign": "right-T-intersection-1"}, "im379.png": {"sign": "traffic-light-1"}, "im380.png": {"sign": "no-left-turn-1"}, "im381.png": {"sign": "right-T-intersection-1"}, "im382.png": {"sign": "traffic-light-1"}, "im383.png": {"sign": "traffic-light-1"}, "im384.png": {"sign": "right-T-intersection-1"}, "im385.png": {"sign": "stop-1"}, "im386.png": {"sign": "no-left-turn-1"}, "im387.png": {"sign": "traffic-light-1"}, "im388.png": {"sign": "no-left-turn-1"}, "im389.png": {"sign": "traffic-light-1"}, "im390.png": {"sign": "traffic-light-1"}, "im391.png": {"sign": "traffic-light-1"}, "im392.png": {"sign": "T-intersection-1"}, "im393.png": {"sign": "T-intersection-1"}, "im394.png": {"sign": "no-left-turn-1"}, "im395.png": {"sign": "stop-1"}, "im396.png": {"sign": "stop-1"}, "im397.png": {"sign": "traffic-light-1"}, "im398.png": {"sign": "no-left-turn-1"}, "im399.png": {"sign": "no-left-turn-1"}, "im400.png": {"sign": "stop-1"}, "im401.png": {"sign": "T-intersection-1"}, "im402.png": {"sign": "stop-1"}, "im403.png": {"sign": "stop-1"}, "im404.png": {"sign": "left-T-intersection-1"}, "im405.png": {"sign": "right-T-intersection-1"}, "im406.png": {"sign": "right-T-intersection-1"}, "im407.png": {"sign": "right-T-intersection-1"}, "im408.png": {"sign": "right-T-intersection-1"}, "im409.png": {"sign": "traffic-light-1"}, "im410.png": {"sign": "T-intersection-1"}, "im411.png": {"sign": "no-left-turn-1"}, "im412.png": {"sign": "left-T-intersection-1"}, "im413.png": {"sign": "no-left-turn-1"}, "im414.png": {"sign": "no-left-turn-1"}, "im415.png": {"sign": "no-left-turn-1"}, "im416.png": {"sign": "no-left-turn-1"}, "im417.png": {"sign": "stop-1"}, "im418.png": {"sign": "T-intersection-1"}, "im419.png": {"sign": "traffic-light-1"}, "im420.png": {"sign": "T-intersection-1"}, "im421.png": {"sign": "traffic-light-1"}, "im422.png": {"sign": "stop-1"}, "im423.png": {"sign": "left-T-intersection-1"}, "im424.png": {"sign": "no-left-turn-1"}, "im425.png": {"sign": "stop-1"}, "im426.png": {"sign": "traffic-light-1"}, "im427.png": {"sign": "T-intersection-1"}, "im428.png": {"sign": "right-T-intersection-1"}, "im429.png": {"sign": "traffic-light-1"}, "im430.png": {"sign": "no-left-turn-1"}, "im431.png": {"sign": "stop-1"}, "im432.png": {"sign": "T-intersection-1"}, "im433.png": {"sign": "traffic-light-1"}, "im434.png": {"sign": "left-T-intersection-1"}, "im435.png": {"sign": "no-left-turn-1"}, "im436.png": {"sign": "traffic-light-1"}, "im437.png": {"sign": "traffic-light-1"}, "im438.png": {"sign": "right-T-intersection-1"}, "im439.png": {"sign": "traffic-light-1"}, "im440.png": {"sign": "stop-1"}, "im441.png": {"sign": "right-T-intersection-1"}, "im442.png": {"sign": "traffic-light-1"}, "im443.png": {"sign": "stop-1"}, "im444.png": {"sign": "no-left-turn-1"}, "im445.png": {"sign": "traffic-light-1"}, "im446.png": {"sign": "no-left-turn-1"}, "im447.png": {"sign": "T-intersection-1"}, "im448.png": {"sign": "T-intersection-1"}, "im449.png": {"sign": "no-left-turn-1"}, "im450.png": {"sign": "stop-1"}, "im451.png": {"sign": "traffic-light-1"}, "im452.png": {"sign": "traffic-light-1"}, "im453.png": {"sign": "no-left-turn-1"}, "im454.png": {"sign": "stop-1"}, "im455.png": {"sign": "left-T-intersection-1"}, "im456.png": {"sign": "traffic-light-1"}, "im457.png": {"sign": "traffic-light-1"}, "im458.png": {"sign": "no-left-turn-1"}}